ZIP,POPULATION
92105,4932
92040,2756
92066,9
92119,1211
92059,103
92096,321
91932,1858
92140,26
92104,2474
91906,221
92161,0
92114,4467
92054,2612
91914,1329
92021,4387
91931,22
92145,16
92055,2061
92081,2018
91917,46
92536,24
92003,249
92058,1654
92101,2190
92121,285
92083,3036
92103,1407
92056,3369
92007,562
92155,22
91916,133
91915,2372
92011,1515
92154,5697
92102,3019
92057,3852
92127,3537
92065,2315
92118,866
92067,589
91905,153
91963,59
91980,23
92672,380
92009,2943
92113,4054
92128,2751
92120,1545
92024,3098
91962,103
92078,3791
92116,1710
92008,1448
92117,2749
92129,3488
92025,3990
91901,1026
91950,4798
92122,2260
92075,655
92111,3234
92026,3957
92123,1854
91948,28
92130,4441
92004,238
92259,0
92064,3351
92086,81
92084,3573
92110,1670
92069,3685
91910,5813
92019,2897
91902,1054
92027,4066
92124,2049
91945,1899
92131,2519
92109,2070
92028,2998
91978,507
91942,1823
92134,10
92115,4194
92182,876
92061,151
92091,114
92020,3881
92108,1118
91911,6470
92126,4573
92029,1293
91941,1829
92135,60
92107,1309
92036,262
91935,541
92014,601
92060,63
92136,216
92106,1347
92037,1987
91977,4380
92173,2298
92093,3969
92010,901
92070,52
91913,3830
92071,3474
91934,82
92139,2312
92082,1070
92003,271
92084,3235
92011,1412
92122,3210
92118,1112
92004,277
92010,1049
92121,299
92007,576
92082,1117
92119,1356
92009,2708
92120,1783
92008,1702
92075,734
92064,3209
92259,0
92086,104
91910,5624
92069,3459
92061,138
92182,353
92091,126
91911,6165
92060,68
92173,2192
92093,2135
91913,3485
92059,103
92161,0
92096,37
91914,1213
92058,1620
92101,3975
92155,85
91915,2185
92057,3712
91901,1148
92102,2899
92154,5516
91916,155
92056,3369
92081,1972
92145,79
91917,64
92055,2088
92103,2086
92536,33
91931,20
92054,2732
92104,2956
92140,151
92066,24
91932,1966
92040,2727
92105,4860
92139,2267
92037,2383
91934,75
92106,1567
92070,56
92136,1293
92036,289
91935,515
92107,1576
92135,315
91941,2098
92029,1217
92108,1873
92083,2966
92134,27
91942,2566
92028,3029
92672,294
92109,2841
92131,2212
91945,1926
91906,247
92027,3629
92110,1889
92067,651
92130,3961
91948,44
92026,3664
91902,1182
92129,3335
91950,4075
92078,3032
92025,3496
92111,3250
91905,102
91962,104
92024,3446
92128,3020
92113,3748
91963,61
92065,2162
92021,4260
92127,3155
92114,4363
91977,4120
92071,3744
92020,3926
92126,4963
92115,4535
91978,535
92019,2954
92124,1785
92116,2108
91980,10
92014,773
92123,2112
92117,3051
92139,2255
92037,3100
91901,1038
91913,3226
91934,53
92093,55
92173,1745
91977,3940
92106,1437
92136,148
92014,756
92036,214
92060,63
92536,29
91935,468
92070,38
92107,2917
92135,47
92020,4108
92069,3066
92029,1188
92003,272
91941,2313
92067,456
91911,5186
92091,99
92126,5177
92672,429
92108,2832
92011,1332
92134,7
92010,974
92182,6
91942,3152
92083,2508
92028,2747
92118,1156
92061,167
92115,4616
92109,5886
92131,2012
91945,1727
91978,526
92027,3343
91910,5172
92086,100
92071,3779
92130,3361
92259,0
91948,33
92026,3547
92019,2629
92064,2786
92123,2643
92110,2368
91905,106
92078,3002
92129,3114
92075,850
91950,3740
92124,2337
92025,3118
91902,1038
92008,2105
92111,3394
92004,268
92120,1883
92128,3282
92122,4276
91962,94
92024,3469
92119,1564
92117,3783
92113,3214
92057,3529
91906,186
92065,2013
92154,4651
92009,2451
91915,1857
92101,5164
91980,15
91916,115
92081,2156
92056,3466
91963,53
92155,22
92102,3280
92058,1618
92145,6
91917,38
92055,1938
92021,4372
92103,3563
92084,2919
92054,3033
92140,14
91914,983
91931,19
92066,12
92127,3055
92096,0
92161,0
92116,3312
92104,4688
92007,838
92040,2607
92121,342
92082,979
91932,2005
92059,92
92114,3636
92105,4687
92129,3626
92118,1161
91913,3487
92105,4472
92037,2508
92007,755
92071,3630
92067,514
91901,1006
92014,796
92124,2120
91934,56
92102,2891
91950,3524
92173,1705
92155,4
92025,3049
91977,3718
92136,17
91931,33
92003,227
92069,3181
92106,1266
92036,196
92008,1838
92114,3361
92055,1219
91963,43
92004,197
91935,489
92145,2
92060,44
92091,127
92020,3639
92111,3110
92672,243
92070,33
92135,18
92040,2524
91980,5
92128,3512
92107,2055
92029,1170
92058,1572
91911,5398
92120,1819
92009,3013
91941,2104
91932,1744
92126,4890
91962,76
92065,2112
92024,3559
91917,45
92117,3401
92075,850
92134,0
91902,1061
92122,3279
92119,1455
92108,1818
92028,2698
92182,4
92010,1050
92096,0
91942,2680
92093,24
92021,4023
92057,3491
92082,945
92061,129
92011,1582
92113,3170
92139,2099
92083,2318
92131,2533
92116,2716
92084,2876
92259,0
92027,3255
92086,88
92123,2113
92101,3549
91945,1643
91915,2218
92127,3574
91978,500
91910,5243
92109,3393
91906,215
92154,4679
91914,1269
91905,102
92115,3993
92130,4340
92103,2758
92536,30
92121,342
92081,1931
92019,2616
92054,2584
91948,21
92078,3215
92026,3414
92059,110
92066,14
91916,106
92140,2
92056,3180
92110,1857
92064,2827
92161,0
92104,3955
92008,1986
92081,2161
92069,2971
92078,2946
92070,61
91906,206
92071,4063
92075,985
91901,1316
92182,5
91910,5271
91911,4932
92173,1628
91913,3096
92161,0
91914,1060
92155,2
91915,1889
92154,4500
91916,127
92145,1
91917,60
92140,0
91931,22
92139,2044
91932,1773
92136,3
91934,73
92672,192
91935,676
92135,13
91941,2389
92134,0
91942,2680
92131,2802
91945,1657
92130,4812
91948,39
92129,4059
91950,3388
92128,3552
91962,128
92127,3371
91963,69
91902,1097
92126,4515
91977,3919
91978,536
92124,1878
91980,11
92123,1955
92003,296
92122,2792
92004,258
92121,309
92007,798
92120,1976
92119,1565
92009,3310
92118,1232
92010,1194
92117,3640
92011,1801
92014,1054
92536,29
92116,2343
92019,3058
92115,3707
92020,4043
92114,3518
92021,4613
92113,2708
92024,3976
92111,2999
92025,3109
92110,1755
92026,3460
92109,2815
92027,3420
91905,127
92108,1483
92028,3152
92029,1378
92107,1862
92036,272
92106,1282
92037,2739
92105,4013
92040,3185
92104,3107
92054,2590
92103,2150
92055,963
92102,2442
92056,3518
92101,2728
92057,3715
92096,0
92058,1480
92059,90
92093,25
92060,54
92259,0
92091,140
92061,175
92086,84
92064,3670
92084,3094
92065,2635
92083,2426
92066,24
92082,1197
92067,764
92536,30
92103,2129
92110,1658
92056,3259
92004,352
92064,3338
92066,26
91914,764
92155,0
91948,48
92118,1229
92026,3239
92154,3401
92040,2794
92182,3
92130,3251
92057,3100
91931,41
91910,4193
92140,0
92101,2674
92109,2653
91915,1185
92086,93
92019,2913
92007,773
91945,1501
91917,57
91963,68
92027,2743
92117,3140
92145,3
92113,1813
92116,2188
92131,2340
91932,1401
92061,174
92081,1886
92127,2601
92055,756
92108,1347
92104,2759
92009,2789
92121,277
91942,2405
92115,3182
92083,1863
92028,3197
92011,1605
92071,3498
91901,1272
91905,130
92054,2414
92134,0
92173,1166
91978,491
91911,3755
92124,1785
91962,131
92107,1857
92139,1720
91941,2329
92024,3910
92014,1084
92067,761
92029,1449
92058,1272
92123,1718
92069,2460
92119,1597
92010,1067
92091,153
92128,3215
92126,4103
91980,11
92059,89
92111,2639
92065,2390
91935,619
92135,5
92102,1902
91902,1067
92114,3096
92036,372
92120,1836
92161,0
92060,50
92084,2623
92106,1325
92070,85
92096,0
91950,2677
92075,889
92093,23
92025,2498
92020,3631
91934,74
92136,0
92021,3966
92122,2694
92078,2581
92037,2754
92008,1908
92003,285
92129,3388
91913,2108
91977,3261
92105,3058
91916,152
92082,1190
92672,161
92259,0
91906,240
91910,2579
91932,763
92139,966
91977,1877
92040,1668
92114,1701
92075,645
92104,1536
92082,722
91913,1205
92672,91
91931,19
92140,0
92067,471
92054,1293
92093,8
92126,2350
92084,1580
92103,1489
92259,0
92118,889
91917,32
92066,20
92055,388
92058,757
92145,4
91963,43
92102,1050
92014,832
91914,446
92096,0
91916,89
92155,3
92056,2105
92021,2446
92057,1920
92154,2006
92011,1065
92101,1703
91915,689
92113,1073
92009,1642
92127,1428
92117,1889
92007,421
91962,83
92120,1304
92024,2158
91980,7
92119,1145
92111,1713
92128,2172
92123,1011
92008,1114
91950,1612
92065,1267
92025,1489
92129,1679
92064,1865
92110,1104
92115,1760
91906,133
91902,687
91948,23
92182,0
92026,1896
92536,25
92130,1595
92116,1216
92071,2078
92109,1734
92081,1140
91945,808
92086,84
92059,45
92027,1669
92019,1614
92061,100
92131,1222
92010,595
92108,786
92083,1010
91978,282
91942,1534
92028,2159
92173,683
92107,1059
91941,1398
92134,0
92124,1166
92029,904
91905,89
92069,1451
92003,210
91935,325
92060,45
92004,298
92106,829
92135,2
92070,57
92036,247
92121,140
92122,1799
91911,2446
91901,713
91934,53
92091,87
92136,0
92020,2211
92037,2079
92161,0
92105,1726
92078,1775
92107,643
92122,1257
92116,664
91902,447
91980,0
92014,447
92071,1349
92123,901
92115,1245
91978,164
92019,992
92124,511
92114,1050
91977,1243
92020,1688
92126,1185
91963,19
92075,347
92021,1656
92113,725
92127,990
91962,39
92024,1726
92111,1245
92128,1772
91950,1302
92025,1148
92110,854
92065,751
92129,801
91948,11
92026,1357
92130,832
92109,1356
91945,571
92027,1093
92083,803
92108,585
91942,1268
92131,525
92028,1346
91941,1030
92011,619
92134,2
92029,532
92070,27
91935,216
92106,571
92135,0
92036,125
91905,39
91934,32
92105,1127
92136,0
92037,1624
91932,487
92078,1467
92040,980
92139,649
92104,919
91931,3
92054,858
92140,0
92103,1123
92672,62
91917,16
92055,266
92145,10
92102,715
92066,17
91916,44
92056,1709
92101,1279
92154,1347
91915,340
92069,1045
92057,1381
92259,0
92096,0
91914,221
92082,443
92058,544
92155,2
92093,5
91901,412
91913,673
92059,35
92161,0
92091,47
91911,1724
92067,268
92060,27
92173,445
92086,49
91910,1899
92061,33
92182,0
91906,74
92081,752
92008,936
92119,873
92064,1232
92120,1010
92007,230
92009,882
92536,8
92118,628
92121,86
92004,211
92084,1217
92010,502
92117,1505
92003,153
92078,3383
92040,2743
92104,3383
92020,4187
92059,109
91932,2087
92136,0
91905,120
92037,2384
91977,4332
92161,0
92091,112
91902,1209
92105,5250
91934,73
91911,6769
92004,219
92135,9
92003,274
92036,245
92106,1169
92124,2172
92060,87
91935,529
92134,0
92029,1320
92107,1833
91941,2006
92131,2040
92011,1314
92086,80
92114,4508
92173,2279
92028,3081
91910,6050
92019,2819
92108,1783
91942,2340
92027,3885
92116,2256
92061,143
92083,3166
92130,3520
91945,1893
92070,40
92109,3239
92026,3941
92065,2237
92010,902
92084,3729
92182,0
91906,236
91978,578
91948,37
92123,2240
92129,3209
92110,1752
92025,3984
91950,4650
92121,286
92008,1665
92536,35
92128,2852
92119,1297
92115,4225
92111,2996
92024,3229
92117,3098
92067,524
92122,2981
92120,1630
92007,614
92071,3668
91962,99
92064,3278
91915,2279
92069,3756
92127,3372
92101,3305
92259,0
92075,712
92057,4113
92014,629
92154,5730
92056,3704
92066,14
92096,0
92009,2502
91916,171
92672,454
92082,1035
91901,1064
91914,1293
92081,2220
92145,0
92021,4605
92102,3253
92055,2095
91963,52
92058,1809
91917,51
92140,0
92118,892
92155,4
92103,2132
92093,17
91980,17
92054,2984
91931,17
92126,4861
91913,4001
92113,4205
92139,2433
92067,602
91901,1254
91902,1172
91905,201
91906,294
91910,6146
91911,6749
91913,4006
91914,1481
91915,2481
91916,154
91917,60
91931,29
91932,1986
91934,73
91935,568
91941,1871
91942,1950
91945,1928
91948,25
91950,4834
91962,97
91963,68
91977,4688
91978,582
91980,22
92003,207
92004,261
92007,585
92008,1742
92009,2972
92010,943
92011,1610
92014,691
92019,3097
92020,4052
92021,4658
92024,3274
92025,4099
92026,3993
92027,4267
92028,3147
92029,1312
92036,241
92037,2078
92040,2935
92054,2686
92055,5142
92056,3633
92057,3969
92058,1771
92059,86
92060,59
92061,156
92064,3530
92065,2414
92066,11
92069,3924
92070,47
92071,3577
92075,669
92078,3863
92081,2238
92082,1221
92083,3206
92084,3721
92086,73
92091,135
92093,3306
92096,154
92101,2421
92102,3168
92103,1518
92104,2629
92105,5260
92106,1420
92107,1331
92108,1207
92109,2228
92110,1604
92111,3183
92113,4292
92114,4668
92115,4209
92116,1809
92117,2805
92118,951
92119,1289
92120,1583
92121,278
92122,2306
92123,2005
92124,2214
92126,5267
92127,3861
92128,2865
92129,3687
92130,4587
92131,2637
92134,68
92135,154
92136,1198
92139,2405
92140,1375
92145,107
92154,6441
92155,89
92161,0
92173,2441
92182,611
92259,0
92536,25
92672,429
92083,3127
92139,2400
92058,1793
91905,149
92116,2152
92081,2316
92109,3150
92129,3352
92259,0
92096,40
92065,2412
92121,303
92061,204
91935,547
92008,1855
92119,1444
92161,0
92025,3889
91934,64
92057,3740
92127,3303
91913,3604
92071,3510
92014,751
91980,12
92026,3778
92028,3305
92101,5044
92135,1620
92009,2722
92064,3230
92021,4491
92070,71
91932,2181
92115,4619
92126,7948
92056,3602
92124,1863
92029,1297
92155,617
92140,2151
92110,2061
92117,3241
92111,3306
92536,31
92102,3150
91941,2212
92007,645
91945,1958
92060,73
92182,354
91914,1274
92108,1927
92055,14576
92003,325
92130,4123
92019,2984
91910,6257
91977,4431
91978,563
92091,119
92054,2817
92106,2021
92103,2308
92010,1154
91950,4495
92024,3626
92066,28
91962,88
91906,268
92154,8003
92672,306
91915,2236
92086,110
92122,3212
92114,4514
92011,1481
91901,1157
92040,2931
92107,1721
92075,736
92104,3148
91963,90
92059,137
91931,46
92078,3236
92020,4091
92027,3778
92120,1912
92123,2302
92145,430
92069,3664
92067,654
92173,2161
92093,2115
92037,2587
91916,150
92136,8403
92118,1161
92105,5076
92004,299
91948,38
91942,2664
92131,2152
92082,1220
91917,63
92084,3372
91911,6464
92128,3152
92113,4209
91902,1122
92134,199
92036,287
92101,6527
91917,54
92106,1500
92065,2142
91980,10
92021,4402
91941,2375
92029,1231
91931,29
92123,2792
92139,2330
92107,2997
91901,1042
92134,28
92028,2974
92111,3569
91932,2077
92083,2682
91905,108
92108,2787
92010,1019
92024,3644
92086,97
92027,3458
92136,1451
92070,41
91935,478
92128,3319
92109,6480
92126,5811
92067,479
91934,55
92026,3544
92117,4178
92135,341
92110,2451
92025,3238
92182,7
91902,1127
92060,55
92084,3266
92091,81
91977,3834
92071,3699
91910,5403
92008,2315
92066,20
92011,1275
92059,96
91948,26
92004,268
92173,1753
92093,91
91911,5281
92116,3083
91906,244
92058,1736
92119,1608
92082,1032
92096,10
92129,3289
92121,414
92161,0
92075,844
92057,3654
91913,3272
92014,832
92127,3047
92259,0
92140,158
92007,848
92124,2428
92115,4777
92056,3632
92155,127
92069,3161
91945,1719
92009,2374
92055,1937
91962,86
92102,3248
92003,280
92672,392
91914,976
92019,2748
92064,2906
92054,3094
92130,3193
92103,3509
91978,539
92114,3805
92154,6723
91915,1836
92122,4633
92040,2843
92536,38
92078,3082
92104,4601
92118,1116
91942,3364
92020,4016
92145,54
92081,2436
92120,1965
92037,3274
91916,138
92105,4866
91950,3693
92131,1996
92113,3547
91963,64
92061,159
92036,243
91962,84
91963,51
92007,810
92120,1787
92126,5065
92004,204
91977,3658
92536,25
92121,335
92124,2145
92003,229
92122,3404
92061,146
91978,471
92123,2151
91980,7
92071,3503
92086,67
91906,229
92182,3
92060,45
91905,116
92091,109
92066,17
91910,4989
92059,92
92173,1650
92093,23
92058,1398
91911,4970
92096,2
92082,945
92161,0
92057,3385
92672,258
92056,2961
92101,5049
92081,2078
91913,3326
92155,41
92055,1219
92259,0
92102,3021
92069,2990
91914,1107
92054,2623
92103,3185
92154,6263
92078,3194
92040,2509
91915,2102
92104,4125
92145,17
92037,2577
91916,105
92105,4417
92140,42
92065,1982
92036,225
92106,1277
91917,52
92029,1122
92139,2055
92107,2382
91931,28
92028,2564
92108,2032
92083,2304
91932,1752
92136,337
92027,3159
91901,991
92026,3177
92109,4136
91934,70
92025,3017
92135,96
92110,2084
91935,444
92024,3663
92111,3170
92070,40
92134,12
92021,3957
91941,2103
92113,3346
92131,2506
92020,3713
91942,2667
92114,3330
92064,2673
92130,3969
92019,2452
92115,4060
91945,1581
92075,851
92014,798
92129,3359
91902,997
92116,3030
91948,25
92011,1457
92117,3367
92084,2789
92128,3386
92010,1036
91950,3384
92009,2795
92118,1047
92067,498
92127,3445
92008,1904
92119,1425
92140,5
92084,2965
92113,2901
92075,903
92131,2692
92009,3128
91916,134
92065,2475
92105,4007
92037,2664
92020,4020
92120,1890
92145,9
91915,1750
92104,3598
91950,3191
92064,3445
92040,2963
92103,2862
91978,476
92114,3458
92122,2759
91942,2563
92130,4573
92007,744
92259,0
92054,2654
92019,2884
92118,1194
92078,2875
92154,5064
91914,1062
92102,2503
92055,854
91902,1037
92155,6
91913,2788
91962,105
92115,3753
92101,3843
92536,24
91945,1646
92129,3643
92003,284
92014,984
92127,3179
92056,3454
92082,1166
92061,177
92096,2
92057,3485
92161,0
92124,1732
91911,4870
92058,1514
92119,1553
92116,2510
92672,195
92093,16
92173,1529
91977,3726
92011,1725
92067,684
92059,98
91910,5002
91948,28
92091,137
92128,3325
91906,242
92010,1090
92060,46
92066,20
92182,0
92121,338
92117,3628
92008,1894
92126,4605
92025,3000
92081,2025
92110,1950
92069,3007
92135,22
91934,70
91901,1222
91932,1692
92109,3153
92026,3355
92086,79
92083,2381
92024,3752
92004,249
92136,36
92108,1588
91935,583
92027,3228
91931,27
91905,124
92111,2990
92071,3719
92134,0
91980,10
92028,2973
92107,1938
92139,1950
92029,1209
92070,46
92021,4440
92123,1872
91917,49
92106,1306
91963,69
91941,2229
92036,242
92081,1665
92066,24
92082,1105
92065,2234
92083,1680
92064,3085
91905,130
92084,2404
92061,147
92086,103
92060,57
92091,133
92059,86
92058,1149
92093,13
92057,2736
92096,0
92056,2977
92101,2962
92055,686
92102,1694
92054,2203
92103,2270
92040,2618
92259,0
92104,2575
92037,2511
92105,2742
92036,299
92106,1346
92029,1274
92028,2770
92107,1837
92027,2474
92108,1221
92026,2801
92109,2603
92025,2335
92110,1569
92024,3634
92111,2323
92021,3664
92113,1755
92020,3238
91902,982
92114,2758
92019,2593
92115,2759
92014,969
92011,1420
92116,1951
92010,969
92117,2899
92009,2534
92118,1068
92008,1721
92119,1435
92007,749
92120,1639
92004,318
92121,241
92003,273
92122,2299
91980,12
92536,32
92123,1547
91978,429
91977,2915
92124,1491
91963,68
92126,3505
91962,127
92127,2362
91950,2254
92128,2774
91948,44
92129,3078
91945,1315
92130,3148
91942,2177
92131,2023
91941,2042
91901,1154
92134,0
91935,575
91934,69
92135,8
91932,1300
92136,3
91931,25
92139,1519
91917,65
92140,1
91916,171
92145,2
91915,1105
92154,3190
91914,726
92155,1
91913,1851
92161,0
91911,3396
91910,3688
92173,968
91906,202
92672,123
92182,0
92071,3147
92070,67
92075,827
92069,2149
92078,2289
92067,711
92182,0
92155,3
92117,1508
91913,999
92101,1838
92056,1691
91911,1815
92113,789
92010,525
92096,0
92057,1547
92082,607
92161,0
92131,1091
92084,1301
91941,1191
91910,2034
92093,8
92672,63
92058,628
91902,552
92173,473
92128,1771
92021,2049
92091,84
92059,42
91906,136
92067,485
92081,886
92060,43
92066,31
91901,669
91935,334
92086,72
92071,1750
91978,222
91980,3
92119,928
92123,812
92111,1319
92061,103
92122,1486
92134,0
91977,1474
92536,26
92003,156
91948,26
92124,980
92121,121
92004,287
92024,1928
91963,24
92127,1213
92120,1051
92007,388
92070,50
92126,1891
91934,32
91962,74
92110,923
92116,1017
92025,1209
92135,1
92011,845
92118,732
91932,605
92069,1221
92109,1599
92026,1622
92008,989
92064,1638
92129,1464
92136,0
92108,651
92027,1291
91931,17
92083,808
91950,1198
92107,958
91945,654
92028,1861
91905,72
92139,777
92115,1523
92014,787
91917,20
92065,1196
92106,770
92029,786
92036,231
92140,0
92009,1375
91916,86
92019,1401
92105,1379
92259,0
92037,1783
92075,559
92130,1382
92145,3
91915,513
92104,1359
92040,1454
91942,1130
92114,1263
92103,1375
92054,1163
92078,1445
92154,1618
91914,330
92020,1846
92102,836
92055,352
92040,706
92020,1058
92116,450
92155,2
92110,517
92672,18
92082,306
92101,1002
92065,494
92054,564
92056,1029
92113,422
91911,1156
92069,580
92140,0
92135,0
92096,0
92118,439
92025,648
91901,267
92011,446
92161,0
92109,887
91905,43
92057,844
92131,396
92105,732
92093,2
91932,350
91910,1141
92075,288
92064,808
91916,25
91962,34
92103,736
92058,348
92026,876
92067,205
91941,641
92173,257
92102,453
92108,398
92091,36
92036,97
92009,666
92021,1035
91906,62
92136,0
92129,595
92059,24
92114,590
92128,1049
92117,929
91935,136
92086,35
92027,686
91950,729
92182,0
91931,5
92037,1081
91913,454
92071,793
92119,586
92066,12
92104,661
92060,21
91978,106
92010,306
91945,355
92107,413
92111,707
92154,892
92123,504
92019,704
92145,6
92122,800
92028,934
91980,3
91948,15
92130,557
91977,764
92008,557
92061,44
92139,336
92084,745
92003,114
92134,1
92121,55
92115,778
91915,248
92124,401
92083,470
91914,155
91902,286
91917,11
92004,175
92081,524
91963,21
92055,192
92070,16
92024,967
92536,19
92106,387
92120,686
91942,716
92259,0
92078,918
92029,355
92126,753
92127,594
92007,181
91934,20
92014,321
92119,1415
91905,103
92536,28
92008,1717
92118,1061
92084,3949
92127,3518
91950,5062
92009,2606
92117,3188
92128,2909
91948,38
92061,185
92010,1037
92116,2426
91901,1134
92011,1382
92115,4253
92129,3397
91945,2053
92066,19
91942,2496
92014,682
92114,4745
92130,3791
92019,2951
91941,2129
92113,4487
92075,673
92131,2253
92020,4511
91935,593
92064,3444
92021,4901
92111,3163
92083,3295
92134,0
92024,3459
91934,60
92069,3964
92110,1860
91902,1258
92135,6
92025,4193
92109,3458
91932,2136
92026,4233
92108,1996
92081,2410
92136,0
91931,23
92027,4164
92107,2016
92259,0
92139,2600
92028,3339
92106,1178
91917,47
92029,1425
92105,5456
92140,0
91916,140
92065,2397
92036,259
92672,439
92104,3556
92082,1144
92145,0
91915,2511
92037,2483
91914,1383
92040,3053
92103,2279
92154,5924
92054,3041
92102,3427
91913,4108
92055,2338
92101,3403
92078,3713
92155,2
91911,7080
92056,3727
92096,0
92161,0
92057,4077
92093,9
91910,6178
92067,579
92058,1860
92173,2368
92091,123
91906,251
92059,110
92086,78
92182,0
92071,3832
91978,608
92122,3057
92060,74
92123,2365
91980,17
91977,4776
92121,345
92070,52
92124,2153
92003,249
91963,52
92004,239
92120,1707
92126,5203
92007,643
91962,114
